{"cameraMode":{"drawMode":0,"name":"Shaded","section":"Shading Mode"},"sceneLighting":true,"audioPlay":false,"sceneViewState":{"m_AlwaysRefresh":false,"showFog":true,"showSkybox":true,"showFlares":true,"showImageEffects":true,"showParticleSystems":true,"showVisualEffectGraphs":true,"m_FxEnabled":true},"in2DMode":false,"pivot":{"x":-14.569145202636719,"y":15.757911682128907,"z":18.629276275634767},"rotation":{"x":0.022880354896187784,"y":-0.7799920439720154,"z":0.6247143745422363,"w":0.02856566570699215},"size":39.323795318603519,"orthographic":false}